Métrica,Melhor K,Acurácia,F1-Score,AUC
euclidean,11,0.7589285714285714,0.754364514218345,0.9493688409330175
cosine,15,0.7901785714285714,0.7832292694799637,0.9531451491494487
